<?xml version="1.0" encoding="UTF-8"?>
<project-private xmlns="http://www.netbeans.org/ns/project-private/1">
    <editor-bookmarks xmlns="http://www.netbeans.org/ns/editor-bookmarks/2" lastBookmarkId="0"/>
    <open-files xmlns="http://www.netbeans.org/ns/projectui-open-files/2">
        <group>
            <file>file:/Users/rewant/NetBeansProjects/Attendance/src/attendance/TeacherAccountCreate.java</file>
            <file>file:/Users/rewant/NetBeansProjects/Attendance/src/attendance/TeacherDetailsDisplay.java</file>
            <file>file:/Users/rewant/NetBeansProjects/Attendance/src/attendance/Attendance.java</file>
            <file>file:/Users/rewant/NetBeansProjects/Attendance/src/attendance/Login.java</file>
            <file>file:/Users/rewant/NetBeansProjects/Attendance/src/attendance/javaconnectDataBase.java</file>
            <file>file:/Users/rewant/NetBeansProjects/Attendance/src/attendance/NewAccount.java</file>
            <file>file:/Users/rewant/NetBeansProjects/Attendance/src/attendance/StudentAttd.java</file>
            <file>file:/Users/rewant/NetBeansProjects/Attendance/src/attendance/TeacherAttd.java</file>
            <file>file:/Users/rewant/NetBeansProjects/Attendance/src/attendance/FogetPasswordStudent.java</file>
            <file>file:/Users/rewant/NetBeansProjects/Attendance/src/attendance/ChangePassword.java</file>
            <file>file:/Users/rewant/NetBeansProjects/Attendance/src/attendance/StudentDetailsDisplay.java</file>
            <file>file:/Users/rewant/NetBeansProjects/Attendance/src/attendance/ForgotPasswordTeacher.java</file>
        </group>
    </open-files>
</project-private>
